<?xml version="1.0" encoding="utf-8" standalone="yes" ?>
<rss version="2.0" xmlns:atom="http://www.w3.org/2005/Atom">
  <channel>
    <title>Timothy L. McMurry | Taylor R. Brown</title>
    <link>http://people.virginia.edu/~trb5me/authors/timothy-l.-mcmurry/</link>
      <atom:link href="http://people.virginia.edu/~trb5me/authors/timothy-l.-mcmurry/index.xml" rel="self" type="application/rss+xml" />
    <description>Timothy L. McMurry</description>
    <generator>Source Themes Academic (https://sourcethemes.com/academic/)</generator><language>en-us</language><lastBuildDate>Mon, 22 Jul 2019 00:00:00 +0000</lastBuildDate>
    <image>
      <url>http://people.virginia.edu/~trb5me/img/IMG_0382.JPG</url>
      <title>Timothy L. McMurry</title>
      <link>http://people.virginia.edu/~trb5me/authors/timothy-l.-mcmurry/</link>
    </image>
    
    <item>
      <title>A Pseudo-Marginal Metropolis-Hastings Algorithm for Estimating Generalized Linear Models in t    he Presence of Missing Data</title>
      <link>http://people.virginia.edu/~trb5me/publication/pmglmpaper/</link>
      <pubDate>Mon, 22 Jul 2019 00:00:00 +0000</pubDate>
      <guid>http://people.virginia.edu/~trb5me/publication/pmglmpaper/</guid>
      <description></description>
    </item>
    
  </channel>
</rss>
