<?xml version="1.0" encoding="utf-8" standalone="yes" ?>
<rss version="2.0" xmlns:atom="http://www.w3.org/2005/Atom">
  <channel>
    <title>Publication_types | Taylor R. Brown</title>
    <link>http://people.virginia.edu/~trb5me/publication_types/</link>
      <atom:link href="http://people.virginia.edu/~trb5me/publication_types/index.xml" rel="self" type="application/rss+xml" />
    <description>Publication_types</description>
    <generator>Source Themes Academic (https://sourcethemes.com/academic/)</generator><language>en-us</language><lastBuildDate>Tue, 28 Jan 2020 00:00:00 +0000</lastBuildDate>
    <image>
      <url>http://people.virginia.edu/~trb5me/img/IMG_0382.JPG</url>
      <title>Publication_types</title>
      <link>http://people.virginia.edu/~trb5me/publication_types/</link>
    </image>
    
    <item>
      <title>3</title>
      <link>http://people.virginia.edu/~trb5me/publication_types/3/</link>
      <pubDate>Tue, 28 Jan 2020 00:00:00 +0000</pubDate>
      <guid>http://people.virginia.edu/~trb5me/publication_types/3/</guid>
      <description></description>
    </item>
    
    <item>
      <title>7</title>
      <link>http://people.virginia.edu/~trb5me/publication_types/7/</link>
      <pubDate>Mon, 01 Jan 2018 00:00:00 +0000</pubDate>
      <guid>http://people.virginia.edu/~trb5me/publication_types/7/</guid>
      <description></description>
    </item>
    
  </channel>
</rss>
