<?xml version="1.0" encoding="utf-8" standalone="yes" ?>
<rss version="2.0" xmlns:atom="http://www.w3.org/2005/Atom">
  <channel>
    <title>Recent &amp; Upcoming Talks | Taylor R. Brown</title>
    <link>http://people.virginia.edu/~trb5me/talk/</link>
      <atom:link href="http://people.virginia.edu/~trb5me/talk/index.xml" rel="self" type="application/rss+xml" />
    <description>Recent &amp; Upcoming Talks</description>
    <generator>Source Themes Academic (https://sourcethemes.com/academic/)</generator><language>en-us</language>
    <image>
      <url>http://people.virginia.edu/~trb5me/img/IMG_0382.JPG</url>
      <title>Recent &amp; Upcoming Talks</title>
      <link>http://people.virginia.edu/~trb5me/talk/</link>
    </image>
    
    <item>
      <title>Estimating generalized linear models with the pseudo-marginal Metropolis-Hastings algorithm</title>
      <link>http://people.virginia.edu/~trb5me/talk/jsm2019talk/</link>
      <pubDate>Sun, 28 Jul 2019 00:00:00 +0000</pubDate>
      <guid>http://people.virginia.edu/~trb5me/talk/jsm2019talk/</guid>
      <description>&lt;p&gt;&lt;a href=&#34;http://people.virginia.edu/~trb5me/~trb5me/files/taylors_jsm_pres.pdf&#34;&gt;Download presentation here&lt;/a&gt;&lt;/p&gt;
</description>
    </item>
    
    <item>
      <title>Estimating Multivariate Stochastic Volatility Models with Particle MCMC</title>
      <link>http://people.virginia.edu/~trb5me/talk/tomtomtalk/</link>
      <pubDate>Thu, 11 Apr 2019 00:00:00 +0000</pubDate>
      <guid>http://people.virginia.edu/~trb5me/talk/tomtomtalk/</guid>
      <description>&lt;p&gt;&lt;a href=&#34;http://people.virginia.edu/~trb5me/~trb5me/files/taylors_tomtom_pres.pdf&#34;&gt;Download presentation here&lt;/a&gt;&lt;/p&gt;
</description>
    </item>
    
  </channel>
</rss>
