<?xml version="1.0" encoding="utf-8" standalone="yes" ?>
<rss version="2.0" xmlns:atom="http://www.w3.org/2005/Atom">
  <channel>
    <title>Authors | Taylor R. Brown</title>
    <link>http://people.virginia.edu/~trb5me/authors/</link>
      <atom:link href="http://people.virginia.edu/~trb5me/authors/index.xml" rel="self" type="application/rss+xml" />
    <description>Authors</description>
    <generator>Source Themes Academic (https://sourcethemes.com/academic/)</generator><language>en-us</language><lastBuildDate>Tue, 28 Jan 2020 18:52:19 -0500</lastBuildDate>
    <image>
      <url>http://people.virginia.edu/~trb5me/img/IMG_0382.JPG</url>
      <title>Authors</title>
      <link>http://people.virginia.edu/~trb5me/authors/</link>
    </image>
    
    <item>
      <title>Taylor R. Brown</title>
      <link>http://people.virginia.edu/~trb5me/authors/taylor-r.-brown/</link>
      <pubDate>Tue, 28 Jan 2020 18:52:19 -0500</pubDate>
      <guid>http://people.virginia.edu/~trb5me/authors/taylor-r.-brown/</guid>
      <description></description>
    </item>
    
    <item>
      <title>Alexander Langevin</title>
      <link>http://people.virginia.edu/~trb5me/authors/alexander-langevin/</link>
      <pubDate>Mon, 22 Jul 2019 00:00:00 +0000</pubDate>
      <guid>http://people.virginia.edu/~trb5me/authors/alexander-langevin/</guid>
      <description></description>
    </item>
    
    <item>
      <title>Timothy L. McMurry</title>
      <link>http://people.virginia.edu/~trb5me/authors/timothy-l.-mcmurry/</link>
      <pubDate>Mon, 22 Jul 2019 00:00:00 +0000</pubDate>
      <guid>http://people.virginia.edu/~trb5me/authors/timothy-l.-mcmurry/</guid>
      <description></description>
    </item>
    
    <item>
      <title>Taylor Brown</title>
      <link>http://people.virginia.edu/~trb5me/authors/taylor-brown/</link>
      <pubDate>Mon, 01 Jan 2018 00:00:00 +0000</pubDate>
      <guid>http://people.virginia.edu/~trb5me/authors/taylor-brown/</guid>
      <description></description>
    </item>
    
    <item>
      <title></title>
      <link>http://people.virginia.edu/~trb5me/authors/admin/</link>
      <pubDate>Mon, 01 Jan 0001 00:00:00 +0000</pubDate>
      <guid>http://people.virginia.edu/~trb5me/authors/admin/</guid>
      <description>&lt;p&gt;Taylor Brown is a lecturer of statistics at the University of Virginia. His research interests include state space models, particle filtering, and Markov chain Monte Carlo algorithms.&lt;/p&gt;
</description>
    </item>
    
  </channel>
</rss>
