<?xml version="1.0" encoding="utf-8" standalone="yes" ?>
<rss version="2.0" xmlns:atom="http://www.w3.org/2005/Atom">
  <channel>
    <title>Taylor R. Brown</title>
    <link>http://people.virginia.edu/~trb5me/</link>
      <atom:link href="http://people.virginia.edu/~trb5me/index.xml" rel="self" type="application/rss+xml" />
    <description>Taylor R. Brown</description>
    <generator>Source Themes Academic (https://sourcethemes.com/academic/)</generator><language>en-us</language><lastBuildDate>Tue, 28 Jan 2020 18:52:19 -0500</lastBuildDate>
    <image>
      <url>http://people.virginia.edu/~trb5me/img/IMG_0382.JPG</url>
      <title>Taylor R. Brown</title>
      <link>http://people.virginia.edu/~trb5me/</link>
    </image>
    
    <item>
      <title>PF: a c&#43;&#43; library for fast particle filtering</title>
      <link>http://people.virginia.edu/~trb5me/code/pf/</link>
      <pubDate>Tue, 28 Jan 2020 18:52:19 -0500</pubDate>
      <guid>http://people.virginia.edu/~trb5me/code/pf/</guid>
      <description></description>
    </item>
    
    <item>
      <title>gradeR: helps grade R script assignment submissions!</title>
      <link>http://people.virginia.edu/~trb5me/code/grader/</link>
      <pubDate>Tue, 28 Jan 2020 18:50:37 -0500</pubDate>
      <guid>http://people.virginia.edu/~trb5me/code/grader/</guid>
      <description></description>
    </item>
    
    <item>
      <title>PF: A C&#43;&#43; Library for Fast Particle Filtering</title>
      <link>http://people.virginia.edu/~trb5me/publication/pfpaper/</link>
      <pubDate>Tue, 28 Jan 2020 00:00:00 +0000</pubDate>
      <guid>http://people.virginia.edu/~trb5me/publication/pfpaper/</guid>
      <description></description>
    </item>
    
    <item>
      <title>STAT 8120: Topics In Statistics (Particle Filters)</title>
      <link>http://people.virginia.edu/~trb5me/courses/8120/</link>
      <pubDate>Fri, 10 Jan 2020 00:00:00 +0000</pubDate>
      <guid>http://people.virginia.edu/~trb5me/courses/8120/</guid>
      <description></description>
    </item>
    
    <item>
      <title>Estimating generalized linear models with the pseudo-marginal Metropolis-Hastings algorithm</title>
      <link>http://people.virginia.edu/~trb5me/talk/jsm2019talk/</link>
      <pubDate>Sun, 28 Jul 2019 00:00:00 +0000</pubDate>
      <guid>http://people.virginia.edu/~trb5me/talk/jsm2019talk/</guid>
      <description>&lt;p&gt;&lt;a href=&#34;http://people.virginia.edu/~trb5me/~trb5me/files/taylors_jsm_pres.pdf&#34;&gt;Download presentation here&lt;/a&gt;&lt;/p&gt;
</description>
    </item>
    
    <item>
      <title>A Pseudo-Marginal Metropolis-Hastings Algorithm for Estimating Generalized Linear Models in t    he Presence of Missing Data</title>
      <link>http://people.virginia.edu/~trb5me/publication/pmglmpaper/</link>
      <pubDate>Mon, 22 Jul 2019 00:00:00 +0000</pubDate>
      <guid>http://people.virginia.edu/~trb5me/publication/pmglmpaper/</guid>
      <description></description>
    </item>
    
    <item>
      <title>STAT 6021 Linear Models for Data Science</title>
      <link>http://people.virginia.edu/~trb5me/courses/6021/</link>
      <pubDate>Mon, 01 Jul 2019 00:00:00 +0000</pubDate>
      <guid>http://people.virginia.edu/~trb5me/courses/6021/</guid>
      <description></description>
    </item>
    
    <item>
      <title>Estimating Multivariate Stochastic Volatility Models with Particle MCMC</title>
      <link>http://people.virginia.edu/~trb5me/talk/tomtomtalk/</link>
      <pubDate>Thu, 11 Apr 2019 00:00:00 +0000</pubDate>
      <guid>http://people.virginia.edu/~trb5me/talk/tomtomtalk/</guid>
      <description>&lt;p&gt;&lt;a href=&#34;http://people.virginia.edu/~trb5me/~trb5me/files/taylors_tomtom_pres.pdf&#34;&gt;Download presentation here&lt;/a&gt;&lt;/p&gt;
</description>
    </item>
    
    <item>
      <title>A Factor Stochastic Volatility Model with Markov-Switching Panic Regimes</title>
      <link>http://people.virginia.edu/~trb5me/publication/1903-01841/</link>
      <pubDate>Tue, 01 Jan 2019 00:00:00 +0000</pubDate>
      <guid>http://people.virginia.edu/~trb5me/publication/1903-01841/</guid>
      <description></description>
    </item>
    
    <item>
      <title>STAT 6440 Introduction to Bayesian Methods</title>
      <link>http://people.virginia.edu/~trb5me/courses/6440/</link>
      <pubDate>Tue, 01 Jan 2019 00:00:00 +0000</pubDate>
      <guid>http://people.virginia.edu/~trb5me/courses/6440/</guid>
      <description></description>
    </item>
    
    <item>
      <title>STAT 3120 Introduction to Mathematical Statistics</title>
      <link>http://people.virginia.edu/~trb5me/courses/3120/</link>
      <pubDate>Wed, 01 Aug 2018 00:00:00 +0000</pubDate>
      <guid>http://people.virginia.edu/~trb5me/courses/3120/</guid>
      <description></description>
    </item>
    
    <item>
      <title>Factor Stochastic Volatility Models for Portfolio Construction</title>
      <link>http://people.virginia.edu/~trb5me/publication/https-doi-org-10-18130-v-3-zw-18-r-9-v/</link>
      <pubDate>Mon, 01 Jan 2018 00:00:00 +0000</pubDate>
      <guid>http://people.virginia.edu/~trb5me/publication/https-doi-org-10-18130-v-3-zw-18-r-9-v/</guid>
      <description></description>
    </item>
    
    <item>
      <title>STAT 4170 Financial Time Series and Forecasting</title>
      <link>http://people.virginia.edu/~trb5me/courses/4170/</link>
      <pubDate>Tue, 01 Aug 2017 00:00:00 +0000</pubDate>
      <guid>http://people.virginia.edu/~trb5me/courses/4170/</guid>
      <description></description>
    </item>
    
  </channel>
</rss>
