[{"authors":["admin"],"categories":null,"content":"Taylor Brown is a lecturer of statistics at the University of Virginia. His research interests include state space models, particle filtering, and Markov chain Monte Carlo algorithms.\n","date":-62135596800,"expirydate":-62135596800,"kind":"taxonomy","lang":"en","lastmod":1580309012,"objectID":"2525497d367e79493fd32b198b28f040","permalink":"http://people.virginia.edu/~trb5me/authors/admin/","publishdate":"0001-01-01T00:00:00Z","relpermalink":"/~trb5me/authors/admin/","section":"authors","summary":"Taylor Brown is a lecturer of statistics at the University of Virginia. His research interests include state space models, particle filtering, and Markov chain Monte Carlo algorithms.","tags":null,"title":"Taylor R. Brown","type":"authors"},{"authors":["Taylor R. Brown"],"categories":[],"content":"","date":1580255539,"expirydate":-62135596800,"kind":"page","lang":"en","lastmod":1580309012,"objectID":"daadd490e44ac18f64ca6c3b3bc3587b","permalink":"http://people.virginia.edu/~trb5me/code/pf/","publishdate":"2020-01-28T18:52:19-05:00","relpermalink":"/~trb5me/code/pf/","section":"code","summary":"","tags":["cpp","c++"],"title":"PF: a c++ library for fast particle filtering","type":"code"},{"authors":[],"categories":[],"content":"","date":1580255437,"expirydate":-62135596800,"kind":"page","lang":"en","lastmod":1580309012,"objectID":"cb75602fd41d1f442097e4502f47d1d9","permalink":"http://people.virginia.edu/~trb5me/code/grader/","publishdate":"2020-01-28T18:50:37-05:00","relpermalink":"/~trb5me/code/grader/","section":"code","summary":"","tags":["R"],"title":"gradeR: helps grade R script assignment submissions!","type":"code"},{"authors":["Taylor R. Brown"],"categories":null,"content":"","date":1580169600,"expirydate":-62135596800,"kind":"page","lang":"en","lastmod":1580309012,"objectID":"34a8e65a876ef9f6a39b76a8c93ec3d0","permalink":"http://people.virginia.edu/~trb5me/publication/pfpaper/","publishdate":"2020-01-28T21:09:20.581196Z","relpermalink":"/~trb5me/publication/pfpaper/","section":"publication","summary":"","tags":null,"title":"PF: A C++ Library for Fast Particle Filtering","type":"publication"},{"authors":null,"categories":null,"content":"","date":1578614400,"expirydate":-62135596800,"kind":"page","lang":"en","lastmod":1580309012,"objectID":"0cb0330d7fac39a252f10185af340013","permalink":"http://people.virginia.edu/~trb5me/courses/8120/","publishdate":"2020-01-10T00:00:00Z","relpermalink":"/~trb5me/courses/8120/","section":"courses","summary":"","tags":null,"title":"STAT 8120: Topics In Statistics (Particle Filters)","type":"courses"},{"authors":[],"categories":[],"content":"Download presentation here\n","date":1564272000,"expirydate":-62135596800,"kind":"page","lang":"en","lastmod":1580309012,"objectID":"399fca1c5c89b16f587cfeae7e930fc4","permalink":"http://people.virginia.edu/~trb5me/talk/jsm2019talk/","publishdate":"2019-07-28T00:00:00Z","relpermalink":"/~trb5me/talk/jsm2019talk/","section":"talk","summary":"The missing data issue often complicates the task of estimating generalized linear models (GLMs).  We describe why the pseudo-marginal Metropolis-Hastings algorithm, used in this setting, is an effective strategy for parameter estimation.  The flexibility of this approach allows for general priors to be put on both the missing covariates and the parameters, uses all of the available data, can easily be extended to handle a nonignorable missing-data mechanism, and is still asymptotically exact like most other Markov chain Monte Carlo techniques.  We discuss computing strategies, conduct a simulation study demonstrating how standard errors change as a function of percent missingness, and we use our approach on a 'real-world' data set to describe how a collection of variables influence the car crash outcomes.","tags":[],"title":"Estimating generalized linear models with the pseudo-marginal Metropolis-Hastings algorithm","type":"talk"},{"authors":["Taylor R. Brown","Timothy L. McMurry","Alexander Langevin"],"categories":null,"content":"","date":1563753600,"expirydate":-62135596800,"kind":"page","lang":"en","lastmod":1580309012,"objectID":"1a763daeaf1e5a8273c55f88148baeb4","permalink":"http://people.virginia.edu/~trb5me/publication/pmglmpaper/","publishdate":"2019-07-22T21:09:20.581196Z","relpermalink":"/~trb5me/publication/pmglmpaper/","section":"publication","summary":"","tags":null,"title":"A Pseudo-Marginal Metropolis-Hastings Algorithm for Estimating Generalized Linear Models in t    he Presence of Missing Data","type":"publication"},{"authors":null,"categories":null,"content":"","date":1561939200,"expirydate":-62135596800,"kind":"page","lang":"en","lastmod":1580309012,"objectID":"ff9a0a27ff2eb1e5d8ec2b415bbf84bd","permalink":"http://people.virginia.edu/~trb5me/courses/6021/","publishdate":"2019-07-01T00:00:00Z","relpermalink":"/~trb5me/courses/6021/","section":"courses","summary":"","tags":null,"title":"STAT 6021 Linear Models for Data Science","type":"courses"},{"authors":[],"categories":null,"content":"Download presentation here\n","date":1554940800,"expirydate":-62135596800,"kind":"page","lang":"en","lastmod":1580309012,"objectID":"8b83f3c377eb7ebc0343e64bcdc9f25b","permalink":"http://people.virginia.edu/~trb5me/talk/tomtomtalk/","publishdate":"2019-04-11T00:00:00Z","relpermalink":"/~trb5me/talk/tomtomtalk/","section":"talk","summary":"Factor Stochastic Volatility (FSV) models are useful for managing investment risk and constructing portfolios. They possess a latent low-dimensional random process to help explain a higher-dimensional vector of finacial returns. This hidden process can represent anything the investor deems pertinent Despite being expressive models in this class are exceedingly difficult to estimate. Within a Bayesian framework Gibbs sampling is the most common approach yet this is only available for some models used along with certain priors. Variants of Metropolis-Hastings are theoretically justified however they do not mix well in practice. We argue that Particle Markov chain Monte Carlo techniques a newer set of likehood-free MCMC algorithms are well-suited to this task. We describe the general principles of the algorithm strategies for parallelization and show some examples of estimating different models. We also demonstrate once these models are estimated their out-of-sample forecasting performance. ","tags":[],"title":"Estimating Multivariate Stochastic Volatility Models with Particle MCMC","type":"talk"},{"authors":["Taylor R. Brown"],"categories":null,"content":"","date":1546300800,"expirydate":-62135596800,"kind":"page","lang":"en","lastmod":1580309012,"objectID":"ca6e2179bfffe048b7e6644efa4080d0","permalink":"http://people.virginia.edu/~trb5me/publication/1903-01841/","publishdate":"2019-06-11T21:09:20.581196Z","relpermalink":"/~trb5me/publication/1903-01841/","section":"publication","summary":"","tags":null,"title":"A Factor Stochastic Volatility Model with Markov-Switching Panic Regimes","type":"publication"},{"authors":null,"categories":null,"content":"","date":1546300800,"expirydate":-62135596800,"kind":"page","lang":"en","lastmod":1580309012,"objectID":"5bb208f05b6c3bc6498ace4540ab06b0","permalink":"http://people.virginia.edu/~trb5me/courses/6440/","publishdate":"2019-01-01T00:00:00Z","relpermalink":"/~trb5me/courses/6440/","section":"courses","summary":"","tags":null,"title":"STAT 6440 Introduction to Bayesian Methods","type":"courses"},{"authors":null,"categories":null,"content":"","date":1533081600,"expirydate":-62135596800,"kind":"page","lang":"en","lastmod":1580309012,"objectID":"e6dab0545159989fd1d55bc2413b0cc7","permalink":"http://people.virginia.edu/~trb5me/courses/3120/","publishdate":"2018-08-01T00:00:00Z","relpermalink":"/~trb5me/courses/3120/","section":"courses","summary":"","tags":null,"title":"STAT 3120 Introduction to Mathematical Statistics","type":"courses"},{"authors":["Taylor Brown"],"categories":null,"content":"","date":1514764800,"expirydate":-62135596800,"kind":"page","lang":"en","lastmod":1580309012,"objectID":"c6ac02384c1a79937add01d742e0260b","permalink":"http://people.virginia.edu/~trb5me/publication/https-doi-org-10-18130-v-3-zw-18-r-9-v/","publishdate":"2019-06-11T21:09:20.581745Z","relpermalink":"/~trb5me/publication/https-doi-org-10-18130-v-3-zw-18-r-9-v/","section":"publication","summary":"","tags":["financial time series"],"title":"Factor Stochastic Volatility Models for Portfolio Construction","type":"publication"},{"authors":null,"categories":null,"content":"","date":1501545600,"expirydate":-62135596800,"kind":"page","lang":"en","lastmod":1580309012,"objectID":"c813a7b7b8711cb7ec61b44c9e78e49d","permalink":"http://people.virginia.edu/~trb5me/courses/4170/","publishdate":"2017-08-01T00:00:00Z","relpermalink":"/~trb5me/courses/4170/","section":"courses","summary":"","tags":null,"title":"STAT 4170 Financial Time Series and Forecasting","type":"courses"}]