<?xml version="1.0" encoding="utf-8" standalone="yes" ?>
<rss version="2.0" xmlns:atom="http://www.w3.org/2005/Atom">
  <channel>
    <title>financial time series | Taylor R. Brown</title>
    <link>http://people.virginia.edu/~trb5me/tags/financial-time-series/</link>
      <atom:link href="http://people.virginia.edu/~trb5me/tags/financial-time-series/index.xml" rel="self" type="application/rss+xml" />
    <description>financial time series</description>
    <generator>Source Themes Academic (https://sourcethemes.com/academic/)</generator><language>en-us</language><lastBuildDate>Mon, 01 Jan 2018 00:00:00 +0000</lastBuildDate>
    <image>
      <url>http://people.virginia.edu/~trb5me/img/IMG_0382.JPG</url>
      <title>financial time series</title>
      <link>http://people.virginia.edu/~trb5me/tags/financial-time-series/</link>
    </image>
    
    <item>
      <title>Factor Stochastic Volatility Models for Portfolio Construction</title>
      <link>http://people.virginia.edu/~trb5me/publication/https-doi-org-10-18130-v-3-zw-18-r-9-v/</link>
      <pubDate>Mon, 01 Jan 2018 00:00:00 +0000</pubDate>
      <guid>http://people.virginia.edu/~trb5me/publication/https-doi-org-10-18130-v-3-zw-18-r-9-v/</guid>
      <description></description>
    </item>
    
  </channel>
</rss>
