<?xml version="1.0" encoding="utf-8" standalone="yes" ?>
<rss version="2.0" xmlns:atom="http://www.w3.org/2005/Atom">
  <channel>
    <title>Taylor R. Brown</title>
    <link>http://people.virginia.edu/~trb5me/authors/taylor-r.-brown/</link>
      <atom:link href="http://people.virginia.edu/~trb5me/authors/taylor-r.-brown/index.xml" rel="self" type="application/rss+xml" />
    <description>Taylor R. Brown</description>
    <generator>Source Themes Academic (https://sourcethemes.com/academic/)</generator><language>en-us</language><lastBuildDate>Tue, 28 Jan 2020 18:52:19 -0500</lastBuildDate>
    <image>
      <url>http://people.virginia.edu/~trb5me/img/IMG_0382.JPG</url>
      <title>Taylor R. Brown</title>
      <link>http://people.virginia.edu/~trb5me/authors/taylor-r.-brown/</link>
    </image>
    
    <item>
      <title>PF: a c&#43;&#43; library for fast particle filtering</title>
      <link>http://people.virginia.edu/~trb5me/code/pf/</link>
      <pubDate>Tue, 28 Jan 2020 18:52:19 -0500</pubDate>
      <guid>http://people.virginia.edu/~trb5me/code/pf/</guid>
      <description></description>
    </item>
    
    <item>
      <title>PF: A C&#43;&#43; Library for Fast Particle Filtering</title>
      <link>http://people.virginia.edu/~trb5me/publication/pfpaper/</link>
      <pubDate>Tue, 28 Jan 2020 00:00:00 +0000</pubDate>
      <guid>http://people.virginia.edu/~trb5me/publication/pfpaper/</guid>
      <description></description>
    </item>
    
    <item>
      <title>A Pseudo-Marginal Metropolis-Hastings Algorithm for Estimating Generalized Linear Models in t    he Presence of Missing Data</title>
      <link>http://people.virginia.edu/~trb5me/publication/pmglmpaper/</link>
      <pubDate>Mon, 22 Jul 2019 00:00:00 +0000</pubDate>
      <guid>http://people.virginia.edu/~trb5me/publication/pmglmpaper/</guid>
      <description></description>
    </item>
    
    <item>
      <title>A Factor Stochastic Volatility Model with Markov-Switching Panic Regimes</title>
      <link>http://people.virginia.edu/~trb5me/publication/1903-01841/</link>
      <pubDate>Tue, 01 Jan 2019 00:00:00 +0000</pubDate>
      <guid>http://people.virginia.edu/~trb5me/publication/1903-01841/</guid>
      <description></description>
    </item>
    
  </channel>
</rss>
