<?xml version="1.0" encoding="utf-8" standalone="yes" ?>
<rss version="2.0" xmlns:atom="http://www.w3.org/2005/Atom">
  <channel>
    <title>Tags | Taylor R. Brown</title>
    <link>http://people.virginia.edu/~trb5me/tags/</link>
      <atom:link href="http://people.virginia.edu/~trb5me/tags/index.xml" rel="self" type="application/rss+xml" />
    <description>Tags</description>
    <generator>Source Themes Academic (https://sourcethemes.com/academic/)</generator><language>en-us</language><lastBuildDate>Tue, 28 Jan 2020 18:52:19 -0500</lastBuildDate>
    <image>
      <url>http://people.virginia.edu/~trb5me/img/IMG_0382.JPG</url>
      <title>Tags</title>
      <link>http://people.virginia.edu/~trb5me/tags/</link>
    </image>
    
    <item>
      <title>c&#43;&#43;</title>
      <link>http://people.virginia.edu/~trb5me/tags/c&#43;&#43;/</link>
      <pubDate>Tue, 28 Jan 2020 18:52:19 -0500</pubDate>
      <guid>http://people.virginia.edu/~trb5me/tags/c&#43;&#43;/</guid>
      <description></description>
    </item>
    
    <item>
      <title>cpp</title>
      <link>http://people.virginia.edu/~trb5me/tags/cpp/</link>
      <pubDate>Tue, 28 Jan 2020 18:52:19 -0500</pubDate>
      <guid>http://people.virginia.edu/~trb5me/tags/cpp/</guid>
      <description></description>
    </item>
    
    <item>
      <title>R</title>
      <link>http://people.virginia.edu/~trb5me/tags/r/</link>
      <pubDate>Tue, 28 Jan 2020 18:50:37 -0500</pubDate>
      <guid>http://people.virginia.edu/~trb5me/tags/r/</guid>
      <description></description>
    </item>
    
    <item>
      <title>financial time series</title>
      <link>http://people.virginia.edu/~trb5me/tags/financial-time-series/</link>
      <pubDate>Mon, 01 Jan 2018 00:00:00 +0000</pubDate>
      <guid>http://people.virginia.edu/~trb5me/tags/financial-time-series/</guid>
      <description></description>
    </item>
    
  </channel>
</rss>
