<?xml version="1.0" encoding="utf-8" standalone="yes" ?>
<rss version="2.0" xmlns:atom="http://www.w3.org/2005/Atom">
  <channel>
    <title>Codes | Taylor R. Brown</title>
    <link>http://people.virginia.edu/~trb5me/code/</link>
      <atom:link href="http://people.virginia.edu/~trb5me/code/index.xml" rel="self" type="application/rss+xml" />
    <description>Codes</description>
    <generator>Source Themes Academic (https://sourcethemes.com/academic/)</generator><language>en-us</language><lastBuildDate>Tue, 28 Jan 2020 18:52:19 -0500</lastBuildDate>
    <image>
      <url>http://people.virginia.edu/~trb5me/img/IMG_0382.JPG</url>
      <title>Codes</title>
      <link>http://people.virginia.edu/~trb5me/code/</link>
    </image>
    
    <item>
      <title>PF: a c&#43;&#43; library for fast particle filtering</title>
      <link>http://people.virginia.edu/~trb5me/code/pf/</link>
      <pubDate>Tue, 28 Jan 2020 18:52:19 -0500</pubDate>
      <guid>http://people.virginia.edu/~trb5me/code/pf/</guid>
      <description></description>
    </item>
    
    <item>
      <title>gradeR: helps grade R script assignment submissions!</title>
      <link>http://people.virginia.edu/~trb5me/code/grader/</link>
      <pubDate>Tue, 28 Jan 2020 18:50:37 -0500</pubDate>
      <guid>http://people.virginia.edu/~trb5me/code/grader/</guid>
      <description></description>
    </item>
    
  </channel>
</rss>
