<?xml version="1.0" encoding="utf-8" standalone="yes" ?>
<rss version="2.0" xmlns:atom="http://www.w3.org/2005/Atom">
  <channel>
    <title>(Some) Courses | Taylor R. Brown</title>
    <link>http://people.virginia.edu/~trb5me/courses/</link>
      <atom:link href="http://people.virginia.edu/~trb5me/courses/index.xml" rel="self" type="application/rss+xml" />
    <description>(Some) Courses</description>
    <generator>Source Themes Academic (https://sourcethemes.com/academic/)</generator><language>en-us</language>
    <image>
      <url>http://people.virginia.edu/~trb5me/img/IMG_0382.JPG</url>
      <title>(Some) Courses</title>
      <link>http://people.virginia.edu/~trb5me/courses/</link>
    </image>
    
    <item>
      <title>STAT 8120: Topics In Statistics (Particle Filters)</title>
      <link>http://people.virginia.edu/~trb5me/courses/8120/</link>
      <pubDate>Fri, 10 Jan 2020 00:00:00 +0000</pubDate>
      <guid>http://people.virginia.edu/~trb5me/courses/8120/</guid>
      <description></description>
    </item>
    
    <item>
      <title>STAT 6021 Linear Models for Data Science</title>
      <link>http://people.virginia.edu/~trb5me/courses/6021/</link>
      <pubDate>Mon, 01 Jul 2019 00:00:00 +0000</pubDate>
      <guid>http://people.virginia.edu/~trb5me/courses/6021/</guid>
      <description></description>
    </item>
    
    <item>
      <title>STAT 6440 Introduction to Bayesian Methods</title>
      <link>http://people.virginia.edu/~trb5me/courses/6440/</link>
      <pubDate>Tue, 01 Jan 2019 00:00:00 +0000</pubDate>
      <guid>http://people.virginia.edu/~trb5me/courses/6440/</guid>
      <description></description>
    </item>
    
    <item>
      <title>STAT 3120 Introduction to Mathematical Statistics</title>
      <link>http://people.virginia.edu/~trb5me/courses/3120/</link>
      <pubDate>Wed, 01 Aug 2018 00:00:00 +0000</pubDate>
      <guid>http://people.virginia.edu/~trb5me/courses/3120/</guid>
      <description></description>
    </item>
    
    <item>
      <title>STAT 4170 Financial Time Series and Forecasting</title>
      <link>http://people.virginia.edu/~trb5me/courses/4170/</link>
      <pubDate>Tue, 01 Aug 2017 00:00:00 +0000</pubDate>
      <guid>http://people.virginia.edu/~trb5me/courses/4170/</guid>
      <description></description>
    </item>
    
  </channel>
</rss>
