<?xml version="1.0" encoding="utf-8" standalone="yes" ?>
<rss version="2.0" xmlns:atom="http://www.w3.org/2005/Atom">
  <channel>
    <title>Taylor R. Brown</title>
    <link>http://people.virginia.edu/~trb5me/authors/admin/</link>
      <atom:link href="http://people.virginia.edu/~trb5me/authors/admin/index.xml" rel="self" type="application/rss+xml" />
    <description>Taylor R. Brown</description>
    <generator>Source Themes Academic (https://sourcethemes.com/academic/)</generator><language>en-us</language>
    <image>
      <url>http://people.virginia.edu/~trb5me/img/IMG_0382.JPG</url>
      <title>Taylor R. Brown</title>
      <link>http://people.virginia.edu/~trb5me/authors/admin/</link>
    </image>
    
  </channel>
</rss>
